{
	"format_version": "1.8.0",
	"animations": {
		"Run": {
			"loop": true,
			"animation_length": 1,
			"bones": {
				"Head": {
					"rotation": {
						"0.0": [0, 0, 0],
						"0.5": [8, 0, 0],
						"1.0": [0, 0, 0]
					},
					"position": {
						"0.0": [0, -3, -6],
						"0.5": [0, -3, -6.4],
						"1.0": [0, -3, -6]
					}
				},
				"Body": {
					"rotation": {
						"0.0": [35.68672, 22.91934, 15.62633],
						"0.5": [36.76612, -26.14669, -18.22452],
						"1.0": [35.68672, 22.91934, 15.62633]
					},
					"position": {
						"0.0": [0, 0, 0],
						"1.0": [0, 0, 0]
					}
				},
				"RightArm": {
					"rotation": {
						"0.0": [-81.90215, 21.78427, 16.58979],
						"0.5": [120.48142, -23.00281, -9.99139],
						"1.0": [-81.90215, 21.78427, 16.58979]
					},
					"position": {
						"0.0": [0.6, -2.1, -3.5],
						"0.5": [0.6, -2.1, -7.6],
						"1.0": [0.6, -2.1, -3.5]
					}
				},
				"RightArmLower": {
					"rotation": [-32.5, 0, 0]
				},
				"LeftArm": {
					"rotation": {
						"0.0": [112.96976, 24.57361, 14.71798],
						"0.5": [-83.16773, -13.82749, -13.79035],
						"1.0": [112.96976, 24.57361, 14.71798]
					},
					"position": {
						"0.0": [-0.7, -2.6, -6.6],
						"0.5": [-0.1, -1.4, -3.5],
						"1.0": [-0.7, -2.6, -6.6]
					}
				},
				"LowerLeftArm": {
					"rotation": [-37.5, 0, 0]
				},
				"RightLeg": {
					"rotation": {
						"0.0": [68.5, 0, 0],
						"0.5": [-40, 0, 0],
						"1.0": [68.5, 0, 0]
					},
					"position": {
						"0.0": [0, 1, 1.8],
						"0.5": [0, -1, -2.4],
						"1.0": [0, 1, 1.8]
					}
				},
				"LeftLeg": {
					"rotation": {
						"0.0": [-39, 0, 0],
						"0.5": [72.5, 0, 0],
						"1.0": [-39, 0, 0]
					},
					"position": {
						"0.0": [0, -1, -2.7],
						"0.5": [0, 0.7, 0.8],
						"1.0": [0, -1, -2.7]
					}
				},
				"LowerLeftLeg": {
					"rotation": {
						"0.0": [0.5, 0, 0],
						"0.5": [42.5, 0, 0],
						"1.0": [0.5, 0, 0]
					}
				},
				"UpperLeftLeg": {
					"rotation": {
						"0.0": [0, 0, 0],
						"1.0": [0, 0, 0]
					}
				},
				"UpperRightLeg": {
					"rotation": {
						"0.0": [0, 0, 0],
						"0.5": [0, 0, 0]
					}
				},
				"LowerRightLeg": {
					"rotation": {
						"0.0": [47.5, 0, 0],
						"0.5": [3, 0, 0],
						"1.0": [47.5, 0, 0]
					},
					"position": {
						"0.0": [0, 0, 0],
						"0.5": [0, 0, 0],
						"1.0": [0, 0, 0]
					}
				}
			}
		}
	}
}